{
    "mae": 0.09657422963709991,
    "rmse": 0.11541036918246914,
    "r2": 0.8375512476363439
}